{
  "model_selection": {
    "ad_P": {
      "n": 35,
      "mean": 6.8,
      "std": 3.5046188011218096,
      "median": 5.0,
      "q1": 5.0,
      "q3": 7.0,
      "iqr": 2.0,
      "min": 3.0,
      "max": 15.0,
      "se": 0.59238869819393
    },
    "hc_P": {
      "n": 31,
      "mean": 7.193548387096774,
      "std": 3.6461793230605077,
      "median": 7.0,
      "q1": 5.0,
      "q3": 8.5,
      "iqr": 3.5,
      "min": 3.0,
      "max": 15.0,
      "se": 0.6548731385620642
    },
    "P_comparison": {
      "t_statistic": -0.4456677419823409,
      "p_value_ttest": 0.6573810097492143,
      "u_statistic": 505.0,
      "p_value_mannwhitney": 0.6207837313822937,
      "cohens_d": -0.11004961602969805,
      "significant_005": 0.0,
      "significant_001": 0.0
    },
    "ad_K": {
      "n": 35,
      "mean": 2.4285714285714284,
      "std": 0.6981367759853317,
      "median": 2.0,
      "q1": 2.0,
      "q3": 3.0,
      "iqr": 1.0,
      "min": 1.0,
      "max": 4.0,
      "se": 0.11800665332129047
    },
    "hc_K": {
      "n": 31,
      "mean": 2.5806451612903225,
      "std": 0.8072254351950305,
      "median": 3.0,
      "q1": 2.0,
      "q3": 3.0,
      "iqr": 1.0,
      "min": 1.0,
      "max": 4.0,
      "se": 0.14498196809189828
    },
    "K_comparison": {
      "t_statistic": -0.8135037566807428,
      "p_value_ttest": 0.41915827003993555,
      "u_statistic": 495.5,
      "p_value_mannwhitney": 0.5161411877606306,
      "cohens_d": -0.2015142873647742,
      "significant_005": 0.0,
      "significant_001": 0.0
    }
  },
  "fit_metrics": {
    "ad_R2": {
      "n": 35,
      "mean": 0.5177725108105513,
      "std": 0.09514477872995357,
      "median": 0.5025855037418224,
      "q1": 0.4663727445536514,
      "q3": 0.5725867512482321,
      "iqr": 0.1062140066945807,
      "min": 0.31129695922524997,
      "max": 0.7111228765913971,
      "se": 0.016082402911764705
    },
    "hc_R2": {
      "n": 31,
      "mean": 0.536204065456257,
      "std": 0.07178169084064324,
      "median": 0.531108754529464,
      "q1": 0.49686319496943543,
      "q3": 0.5741468135349539,
      "iqr": 0.07728361856551846,
      "min": 0.40733128253755024,
      "max": 0.6834135065848896,
      "se": 0.012892372263426313
    },
    "R2_comparison": {
      "t_statistic": -0.8942122328156189,
      "p_value_ttest": 0.3746394609438747,
      "u_statistic": 467.0,
      "p_value_mannwhitney": 0.3352433635047978,
      "cohens_d": -0.218702730604776,
      "significant_005": 0.0,
      "significant_001": 0.0
    },
    "ad_MSE": {
      "n": 35,
      "mean": 0.46706160423340587,
      "std": 0.05508475864535422,
      "median": 0.4539635040593969,
      "q1": 0.43640657361738083,
      "q3": 0.5032905388816833,
      "iqr": 0.06688396526430246,
      "min": 0.36753186750842926,
      "max": 0.590604825499232,
      "se": 0.00931102362796291
    },
    "hc_MSE": {
      "n": 31,
      "mean": 0.4539895701739033,
      "std": 0.04869666486872795,
      "median": 0.4544696959572825,
      "q1": 0.4271888345518365,
      "q3": 0.47732975823972656,
      "iqr": 0.05014092368789008,
      "min": 0.310768217760895,
      "max": 0.5821785791699275,
      "se": 0.008746179201444522
    },
    "MSE_comparison": {
      "t_statistic": 1.0232819642132185,
      "p_value_ttest": 0.31002693917290103,
      "u_statistic": 590.0,
      "p_value_mannwhitney": 0.5459367728075231,
      "cohens_d": 0.251438841083142,
      "significant_005": 0.0,
      "significant_001": 0.0
    }
  },
  "sample_sizes": {
    "n_ad": 35,
    "n_hc": 31
  }
}